{
  "run_name": "phase3_current",
  "phase": 3,
  "based_on": {"phase1_checkpoint": "runs/hdi_enhanced/best.pth", "phase2_checkpoint": "runs/phase2_run/best.pth"},
  "overall_refined": {
    "abs_rel": 0.138664020625158,
    "rms": 0.8612022118728895,
    "rms_log": 0.507945962145638,
    "log10": 0.0810917521860952,
    "sigma1": 0.8284699300905833,
    "sigma2": 0.9316853355358427,
    "sigma3": 0.9602161113573955,
    "num_frames": 10400
  },
  "overall_base": {
    "abs_rel": 0.13860917061603126,
    "rms": 0.8611959260816757,
    "rms_log": 0.5079706415655808,
    "log10": 0.0810726677834128,
    "sigma1": 0.8289311679452658,
    "sigma2": 0.9316678137188921,
    "sigma3": 0.9601653506033696,
    "num_frames": 10400
  },
  "occ_refined": {
    "abs_rel": 0.08014987213848243,
    "rms": 0.31036182109688226,
    "rms_log": 0.1535047415983472,
    "log10": 0.0385154854099046,
    "sigma1": 0.9330976745581959,
    "sigma2": 0.9817597900278338,
    "sigma3": 0.9923174303342799,
    "num_frames": 3083
  },
  "occ_base": {
    "abs_rel": 0.07843088516811446,
    "rms": 0.3081828244380892,
    "rms_log": 0.1525225386995021,
    "log10": 0.03777203806097481,
    "sigma1": 0.9432179527819408,
    "sigma2": 0.9816432775439591,
    "sigma3": 0.9916781866237245,
    "num_frames": 3083
  }
}
