{
  "run_name": "phase2_run",
  "phase": 2,
  "overall": {
    "precision": 0.9450720059960384,
    "recall": 0.9408911629890203,
    "f1": 0.9429769504019657,
    "mean_iou": 0.9787426833281909,
    "depth_mae": 0.05970697413921937,
    "num_frames": 10400
  },
  "occlusion_slice": {
    "precision": 0.9515779879229805,
    "recall": 0.9089128305582762,
    "f1": 0.9297562061672048,
    "mean_iou": 0.9650217349631861,
    "depth_mae": 0.06719894436117456,
    "num_frames": 3083
  }
}
