{
  "run_name": "phase3_dav2",
  "phase": 3,
  "based_on": {"phase1_checkpoint": "runs/hdi_dav2/best.pth", "phase2_checkpoint": "runs/phase2_dav2/best.pth"},
  "overall_refined": {
    "abs_rel": 0.1353672251284409,
    "rms": 0.8247333898681861,
    "rms_log": 0.5289558987770803,
    "log10": 0.07994451442231926,
    "sigma1": 0.8445814687987933,
    "sigma2": 0.9379307891199222,
    "sigma3": 0.9650566005649475,
    "num_frames": 10400
  },
  "overall_base": {
    "abs_rel": 0.13528692327368144,
    "rms": 0.8247007916867733,
    "rms_log": 0.5289513050227498,
    "log10": 0.07990724789247347,
    "sigma1": 0.8450615183951763,
    "sigma2": 0.9379223088576244,
    "sigma3": 0.9650181995790739,
    "num_frames": 10400
  },
  "occ_refined": {
    "abs_rel": 0.08268938144349333,
    "rms": 0.31475989035524954,
    "rms_log": 0.15954920694720154,
    "log10": 0.04008823879512629,
    "sigma1": 0.9256281536622284,
    "sigma2": 0.9793787855356497,
    "sigma3": 0.9916678167108665,
    "num_frames": 3083
  },
  "occ_base": {
    "abs_rel": 0.08023439563673075,
    "rms": 0.31131445763416965,
    "rms_log": 0.15777878755926505,
    "log10": 0.03890456634921336,
    "sigma1": 0.9363417136100759,
    "sigma2": 0.9792372510102983,
    "sigma3": 0.9910380970608133,
    "num_frames": 3083
  }
}
