{
  "run_name": "phase2_dav2",
  "phase": 2,
  "overall": {
    "precision": 0.9072496884088076,
    "recall": 0.9311374053938812,
    "f1": 0.9190383502551424,
    "mean_iou": 0.9776705626732297,
    "depth_mae": 0.07987508143213401,
    "num_frames": 10400
  },
  "occlusion_slice": {
    "precision": 0.8812961180622393,
    "recall": 0.8968331700946784,
    "f1": 0.8889967637540452,
    "mean_iou": 0.9635525252889563,
    "depth_mae": 0.09060431184872046,
    "num_frames": 3083
  }
}
